author_id,nickname,email
6,DataNomad,datanomad@mail.ru
25,AlgoMaster,algomaster@mail.ru
16,CodeKazakh,codekazakh@mail.ru
23,SteppeCoder,steppecoder@mail.ru
18,QazaqByte,qazaqbyte@yandex.kz
14,NeuralNomad,neuralnomad@mail.ru
7,AstanaDev,astanadev@gmail.com
13,PavlodarGeek,pavlodargeek@yandex.kz
